Nationality,Nation
Aalborgenser,Aalborg
Aberdonian,Aberdeen
Abkhaz,Abkhazia
Abkhazian,Abkhazia
Abrenian,Abra
Abruzzese,Abruzzo
Abyssinian,Abyssinia
Acadian,Acadia
Acadien,Acadie
Acadienne,Acadie
Acarnanian,Acarnania
Acehnese,Aceh
Achaean,Achaea
Acreano,Acre
Adelaidean,Adelaide
Adelaidian,Adelaide
Aeginetan,Aegina
Aethaean,Aethaea
Aetolian,Aetolia
Afghan,Afghanistan
African,Africa
AfroEurasian,AfroEurasia
Agote,Navarra
Aguascalentense,Aguascalientes
Akkadian,Akkadia
Aklan,Aklan
Aklanese,Aklan
Aklanon,Aklan
Akronite,Akron
Alabamian,Alabama
Alagoano,Alagoas
ÅlandIsland,ÅlandIslands
Ålandish,Åland
Alaskan,Alaska
Alavense,Álava
Alavés,Álava
Albaceteño,Albacete
Albacetense,Albacete
Albanense,Albacete
Albanian,Albania
Albasitense,Albacete
Albay,Albay
Albayan,Albay
Albayano,Albay
Albertan,Alberta
Alcarreño,Guadalajara
Aleppine,Aleppo
Aleut,AleutianIslands
Aleutian,AleutianIslands
Alexandrian,Alexandria
Algerian,Algeria
Alicantino,Alicante
Allahabadi,Allahabad
Almerian,Almería
Almeriense,Almería
Alorn,Aloria
Alpine,Alps
Alsatia,Alsace
Alsatian,Alsace
Amalfitan,Amalfi
Amapaense,Amapá
Amazonense,Amazonas
Amazonian,AmazonRiverAndRegion
American,UnitedStates
AmericanSamoan,AmericanSamoa
Americana,Americas
Amsterdammer,Amsterdam
Ancashino,Ancash
Andalusian,Andalusia
Andaman,AndamanAndNicobarIslands
Andamanese,AndamanAndNicobarIslands
Andhraite,Andhra
Andhrudu,AndhraPradesh
Andorran,Andorra
Andorrano,Andorra
Angeleno,LosAngeles
Angelino,Angeles
Angelopolitano,Puebla
Angolan,Angola
Anguillan,Anguilla
AnnArborite,AnnArbor
Annapolitan,Annapolis
Antarctic,Antarctica
Antarctican,Antarctica
Antiguans,AntiguaAndBarbuda
Antillean,Antilles
Antioquenian,Antioquia
Antipodean,Antipodesa
Antiquenian,Antique
Antiqueño,Antique
Aostain,Aosta
Aostan,Aosta
Apayao,Apayao
Apayaonian,Apayao
Apennine,Apennines
Appalachian,Appalachia
Apulian,Apulia
Aquilonemtexian,UniversityOfNorthTexas
Aquitanian,Aquitania
Arab,Haugesund
Araber,Haugesund
Aracajuense,Aracaju
Aragonese,Aragon
Arcadian,Arcadia
Arequipeño,Arequipa
Argentine,Argentina
Argentinean,Argentina
Argentinian,Argentina
Argentino,Argentina
Argive,Argos
Århusianer,Århus
Arizonian,Arizona
Arkansawyer,Arkansas
Arkie,Arkansas
Armachian,Armagh
Armenian,Armenia
Armidilian,Armidale
Arretine,Arretium
Arriacense,Guadalajara
Aruban,Aruba
Arunachali,ArunachalPradesh
Arundense,Ronda
Ashburnian,Ashbourne
Ashevillain,Asheville
Asian,Asia
Assamese,Assam
Asturian,Asturias
Asturiano,Asturias
Athenian,Athens
Atlantan,Atlanta
Atlantean,Atlantis
Atlantine,Atlantis
Auckland,Auckland
Aucklander,Auckland
Aurgitano,Jaén
Auroran,Aurora
Ausense,Vich
Ausentano,Vich
Ausonense,Vich
Aussie,Australia
AustAgding,AustAgder
Austinite,Austin
Austonian,Austin
Australasian,Australasia
Australian,Australia
Australianb,Australia
Australien,Australia
Austrian,Austria
AustroHungarian,AustriaHungary
Avileño,Ávila
Ayachunano,Ayacucho
Ayacuchano,Ayacucho
Azawadi,Azawad
Azerbaijani,Azerbaijan
Azeri,Azerbaijan
AzeriS,Azerbaijan
Azragi,Hazara
Babylonian,Babylonia
Bactrian,Bactria
Badajoceño,Badajoz
Badajocense,Badajoz
Badger,Wisconsin
Bæring,Bærum
Bahamian,TheBahamas
Bahraini,Bahrain
Baiano,Bahia
Bajacaliforniano,BajaCalifornia
Bajan,Barbados
Bajoran,Bajor
Bajun,Barbados
Bajuns,Barbados
Balear,IllesBalears
Balinese,Bali
Balkan,Balkans
Ballaratian,Ballarat
Baloch,Balochistan
Balochi,Balochistan
Balochistani,Balochistan
Baltic,BalticRegion
Baltimorean,Baltimore
Baltimoron,Baltimore
Baluch,Balochistan
BananaBender,Queensland
Bananabender,Queensland
Bandungite,Bandung
Bañezano,LaBañeza
Bangalorean,Bangalore
Bangkokian,Bangkok
Bangla,WestBengal
Bangladeshi,Bangladesh
Barbadian,Barbados
Barbudan,AntiguaAndBarbuda
Barcelonense,Barcelona
Barcelonés,Barcelona
Barcelonian,Barcelona
Barranquino,Barranco
BarrigaVerde,SantaCatarina
Barrovian,BarrowInFurness
Barthélemois,SaintBarthélemy
Bashkir,Bashkortostan
Basilan,Basilan
Basilanese,Basilan
Basileño,Basilan
Basotho,Lesotho
Basque,BasqueCountry
Bataan,Bataan
Bataanese,Bataan
Bataeño,Bataan
Batangan,Batangas
Batangueño,Batangas
Batanic,Batanes
Bathonian,Bath
BatonRougean,BatonRouge
Batswana,Botswana
Bavarian,Bavaria
BayOfPlenty,BayOfPlentyRegion
BayStater,Massachusetts
Bedfordian,Bedford
Beijinger,Beijing
Beiruti,Beirut
Belarusian,Belarus
Belenense,Belém
Belfast,Belfast
Belfastian,Belfast
Belgian,Belgium
Belgrader,Belgrade
Belgradian,Belgrade
Belizean,Belize
Bellifontain,Fontainebleau
BeloHorizontino,BeloHorizonte
Bendigonian,Bendigo
Beneventan,Benevento
Bengalese,WestBengal
Bengali,Bengal
Benguet,Benguet
Benguetian,Benguet
Beninois,Benin
Beotian,Boeotia
Bergamasque,Bergamo
Bergenser,Bergen
Berkeleyan,Berkeley
Berliner,Berlin
Bermudan,Bermuda
Bermudian,Bermuda
Bernese,Bern
Bessarabian,Bessarabia
Beturiense,Badajoz
Bharati,Bharat
Bhutanese,Bhutan
Biafran,Biafra
BigBender,Tennessee
Bihari,Bihar
Bilbilitano,Calatayud
Biliran,Biliran
Biliranian,Biliran
Biot,BritishIndianOceanTerritory
Birminghamian,Birmingham
BissauGuinean,GuineaBissau
Blefuscudian,Blefuscu
BlueHenSChicken,Delaware
Bluenoser,NovaScotia
BoaVistense,BoaVista
Boeotian,Boeotia
Bogotan,Bogotá
Bohemian,Bohemia
Boholan,Bohol
Boholano,Bohol
Boius,Boiohaemum
Bolivian,Bolivia
Bolognese,Bologna
Boltonian,Bolton
Bonaerense,BuenosAires
Bonaire,Bonaire
BoninIslander,BoninIslands
Bordelais,Bordeaux
Boricua,PuertoRico
Bornean,Borneo
Bornholmer,Bornholm
Bosnian,BosniaAndHerzegovina
BosnianHerzegovinian,BosniaAndHerzegovina
Bosphoran,Bosporus
Bosporan,Bosporus
Bostonian,Boston
Botswanan,Botswana
Boulderite,Boulder
BouvetIsland,BouvetIsland
Brasileiro,Brazil
Brasiliense,Brasilia
Bratislavan,Bratislava
Brazilian,Brazil
Brescian,Brescia
Breton,Brittany
Brigantino,ACoruña
Brightonian,Brighton
Brisbanite,Brisbane
Brisso,Brisbane
Bristolian,Bristol
Brisvegan,Brisbane
British,UnitedKingdom
BritishColumbian,BritishColumbia
BritishVirginIsland,BritishVirginIslands
BritishVirginIslander,BritishVirginIslands
Briton,Britain
Brobdingnagian,Brobdingnag
Bronx,TheBronx
Brooklyn,Brooklyn
Brooklynite,Brooklyn
Brummie,Birmingham
Bruneian,Brunei
Bruttian,Bruttium
Bruxellois,Brussels
Bucharestian,Bucharest
Buckeye,Ohio
Budapester,Budapest
Budapesti,Budapest
Buddie,Paisley
Buffalonian,Buffalo
Bukidnon,Bukidnon
Bulacan,Bulacan
Bulacanese,Bulacan
Bulaqueño,Bulacan
Bulgarian,Bulgaria
Burcés,Burgos
Burgalés,Burgos
Burgense,Burgos
Burgués,Burgos
Burgundian,Burgundy
Burkinabe,BurkinaFaso
Burkinabé,BurkinaFasoa
Burkinabè,BurkinaFaso
Burmese,Burma
Burqueño,Albuquerque
Burundian,Burundi
Butternut,Tennessee
Buzzard,Georgia
Byzantine,Byzantium
CaboVerdean,CaboVerde
Cacereño,Cáceres
Cadiceño,Cádiz
Cadicense,Cádiz
Caditano,Cádiz
Cagayan,Cagayan
Cagayanese,Cagayan
Cagayano,Cagayan
Cagayanon,CagayanDeOro
Cairene,Cairo
Cairnsitte,Cairns
Cajamarquino,Cajamarca
Cajun,Lousiana
Calabrese,Calabria
Calabrian,Calabria
Calcuttan,Kolkata
Calgarian,Calgary
Californian,California
Californio,California
Camarinense,CamarinesSur
Cambodian,Cambodia
Cameroonian,Cameroon
Camiguin,Camiguin
Campanian,Campania
Campechan,Campeche
Campechano,Campeche
Campineiro,Campinas
Canadian,Canada
Canadien,Canada
Canadienne,Canada
Canarese,Karnataka
Canarian,CanaryIslands
Canberran,Canberra
Candelariero,SantaCruzDeTenerife
Cantab,Cambridge
Cantabrian,Cantabria
Cantabrigian,Cambridge
Cantabrio,Cantabria
Cántabro,Cantabria
Canterbury,CanterburyRegion
Cantonese,Canton
Cantuarian,Canterbury
Canuck,Canada
CapeVerdian,CapeVerde
Caper,CapeBreton
Capetonian,CapeTown
Capitalino,MexicoCity
Capixaba,EspíritoSanto
Capizeño,Capiz
Capizian,Capiz
Caracense,Guadalajara
Caraquenian,Caracas
Cardassian,CardassiaPrime
Cardi,Aberteifi
Cardiffian,Cardiff
Carian,Caria
Caribbean,Caribbean
Carinthian,Carinthia
Carioca,RioDeJaneiro
Carlislian,Carlisle
Carlopolitano,SãoCarlos
Carriacense,Guadalajara
Carsonite,CarsonCity
Carthaginian,Carthage
Carystian,Carystus
Castellano,CastillaLaMancha
Castellanomanchego,CastillaLaMancha
Castellonense,Castellón
Castellonero,Castellón
Castilian,Castile
Catalá,Catalonia
Catalan,Catalonia
Catalán,Catalonia
Catalonian,Catalonia
Catamarqueño,Catamarca
Catanduanean,Catanduanes
Catandueño,Catanduanes
Catarinense,SantaCatarina
Caucasian,Caucasus
Caucasic,Caucasus
Cavitenian,Cavite
Caviteño,Cavite
Caymanian,CaymanIslands
Cearense,Ceará
Cebu,Cebu
Cebuan,Cebu
Cebuano,Cebu
CentralAfrican,CentralAfricanRepublic
CentralAmerican,CentralAmerica
Cephalonian,Cephalonia
Cesaraugustano,Zaragoza
Cesetano,Tarragona
Ceutí,Ceuta
Ceylonese,Ceylon
Chachapoyano,Chachapoyas
Chadian,Chad
Chalaco,Callao
Chalcidian,Chalcis
Chandigarhi,Chandigarh
ChannelIsland,Guernsey
ChannelIslander,Guernsey
Chaqueño,Chaco
Charlottean,Charlotte
Charro,Salamanca
Chechen,Chechnya
Chelmsfordian,Chelmsford
Chennaite,Chennai
Chetumaleño,Chetumal
Chhattisgarhi,Chhattisgarh
Chian,Chios
Chiapan,Chiapas
Chiapaneco,Chiapas
Chicagoan,Chicago
Chihuahuan,Chihuahua
Chihuahuense,Chihuahua
Chilango,MexicoCity
Chilean,Chile
Chilpancingueño,Chilpancingo
Chimbotano,Chimbote
China,China
Chinese,China
Chino,China
Chorrillano,Chorrillos
ChristmasIsland,ChristmasIsland
ChristmasIslander,ChristmasIsland
Chubutense,Chubut
Cincinnatian,Cincinnati
CitizenOfTheHolySee,VaticanCity
Ciudadrealeño,CiudadReal
Ciudadrealino,CiudadReal
Clevelander,Cleveland
Cluniense,CiudadReal
Coahuilan,Coahuila
Coahuilense,Coahuila
Cockney,London
Cockroach,NewSouthWales
CocosIsland,CocosIslands
CocosIslander,CocosIslands
Colcestrian,Colchester
Colchian,Colchis
Colimeño,Colima
Colimense,Colima
Colombian,Colombia
Coloradoan,Colorado
Colossian,Colossae
Comeperros,Huancayo
Comoran,Comoros
Comorian,Comoros
Compostelan,CompostelaValley
Comval,CompostelaValley
Comvaleño,CompostelaValley
Conch,KeyWest
Confederate,ConfederateStatesOfAmerica
Congolese,RepublicOfTheCongo
Connecticotian,Connecticut
Connecticutensian,Connecticut
Connecticuter,Connecticut
Connecticutian,Connecticut
Connetian,Connecticut
Conquense,Cuenca
Consentian,Consentia
CookIsland,CookIslands
CookIslander,CookIslands
Copenhagener,Copenhagen
Corcyrean,Corcyra
Cordobense,Córdoba
Cordobés,Córdoba
Corfiot,Corfu
Corinthian,Corinth
Cork,Cork
Corkonian,CountyCork
Corncracker,Kentucky
Cornhusker,Nebraska
Cornichon,Reims
Cornish,Cornwall
Correntino,Corrientes
Corsican,Corsica
Cortubí,Córdoba
Coruñés,ACoruña
Cosetano,Tarragona
CostaRican,CostaRica
Cotabatan,Cotabato
Cotabateño,Cotabato
Cotabato,Cotabato
Couronian,Courland
Coventrian,Coventry
Cracker,Florida
Cracovian,Kraków
Cretan,Crete
Crimean,Crimea
Croat,Croatia
Croatian,Croatia
Crotonian,Croton
CrowEater,SouthAustralia
Croweater,SouthAustralia
Cruceño,SantaCruzDeLaSierra
Crucian,StCroix
Cruzan,StCroix
CSA,ConfederateStatesOfAmerica
Cuban,Cuba
Cuencano,Cuenca
Cuernavaqueño,Cuernavaca
Cuernavaquense,Cuernavaca
Culiacanense,Culiacán
Cumbrian,Cumbria
Curaçaoan,Curaçao
Curitibano,Curitiba
Curitibense,Curitiba
Curonian,Courland
Cuzqueño,Cuzco
Cycladian,Cyclades
Cypriot,Cyprus
Cypriote,Cyprus
Cyrenaic,Cyrenaica
Cyrene,Cyrenaica
Cyrenian,Cyrene
Czech,CzechRepublic
Czechb,Czechoslovakia
Czechoslovak,Czechoslovakia
Czechoslovakian,Czechoslovakia
Dacian,Dacia
Dagestani,Dagestan
Dahomeyan,Dahomey
Dalatese,DaLat
Dallasite,Dallas
Dalmatian,Dalmatia
Damanese,DamanAndDiu
Damascene,Damascus
Dane,Denmark
Danish,Denmark
Dansker,Denmark
Danubian,DanubeRiver
Darwinian,Darwin
Davaoeño,Davao
Dawsonite,DawsonCity
Daytonian,Dayton
Defeño,FederalDistrict
Delawarean,Delaware
Delhian,Delhi
Delhiite,Delhi
Delhite,Delhi
Delian,Delos
Denver,Denver
Denverite,Denver
Derry,Derry
Detroiter,Detroit
Devonian,Devon
Devonportian,Devonport
Dinagat,DinagatIslands
Dinagatan,DinagatIslands
Diuese,DamanAndDiu
Djibouti,Djibouti
Djiboutian,Djibouti
Dodecanesian,Dodecanese
Dominican,Dominica
DownEaster,Maine
Downeaster,Maine
Drammenser,Drammen
Dresdener,Dresden
Dublin,Dublin
Dubliner,Dublin
Duluthian,Duluth
Dundonian,Dundee
Dunedin,Dunedin
Dunedinite,Dunedin
Dunelmensis,UniversityOfDurham
Duopontino,Pontevedra
Duosicilian,TwoSicilies
Durangoan,Durango
Duranguense,Durango
Durban,Durban
Durbanite,Durban
Dutch,Netherlands
EastCoast,GisborneRegion
EastMalaysian,EastMalaysia
EastMindorenian,OrientalMindoro
EastMisamis,MisamisOriental
EastNegros,NegrosOriental
EastTimorese,EastTimor
EasternDavao,DavaoOriental
EasternSamarian,EasternSamar
Ebjergenser,Esbjerg
Ecuadorian,Ecuador
Edinbourgeois,Edinburgh
Edinburgensian,Edinburgh
Edinburgher,Edinburgh
Edmontonian,Edmonton
Edonian,Edonia
Egabrense,Cabra
Egestan,Egesta
Egyptian,Egypt
ElPaseño,ElPaso
ElPasoan,ElPaso
Elamite,Elam
Elamitic,Elam
Elamitish,Elam
Eleusian,Eleusina
Eleusinian,Eleusina
Elian,Elis
Emirati,UnitedArabEmirates
Emirian,UnitedArabEmirates
English,England
Englishman,England
Englishwoman,England
Entrerriano,EntreRios
Ephesian,Ephesus
Epidamnian,Epidamnus
Epidaurian,Epidaurus
Epirote,Epirus
Equatoguinean,EquatorialGuinea
EquatorialGuinean,EquatorialGuinea
Eretrian,Eretria
Erieite,Erie
Eritrean,Eritrea
EspíritoSantense,EspíritoSanto
Essiburn,Ashbourne
Estonian,Estonia
Ethiopian,Ethiopia
Etruscan,Etruria
Euboean,Euboea
Eurasian,Eurasia
European,Europe
Exonian,Exeter
Extremaduran,Extremadura
FalklandIsland,FalklandIslands
FalklandIslander,FalklandIslands
Falstring,Falster
Faridabadi,Faridabad
Faroese,FaroeIslands
Faroite,Faro
Ferengi,Ferenginar
Fife,Fife
Fifer,Fife
Fijian,Fiji
Filipino,Philippines
Finn,Finland
Finnic,Finland
Finnish,Finland
Finnmarking,Finnmark
Flatlander,Michigan
Fleming,Flanders
Flemish,Flanders
Florentia,Florence
Florentine,Florence
Florianopolitano,Florianópolis
FloridaCracker,Florida
Floridan,Florida
Floridian,Florida
Fluminense,RioDeJaneiro
Formoseño,Formosa
FortWorthian,FortWorth
Fortalezense,Fortaleza
Fox,Maine
FrancoAlbertan,Alberta
FrancoManitobain,Manitoba
Franconian,Franconia
FrancoOntarian,Ontario
FrancoSaskatchewanian,Saskatchewan
Frankfurter,Frankfurt
Frederictonian,Fredericton
French,France
FrenchGuianese,FrenchGuiana
FrenchPolynesian,FrenchPolynesia
FrenchSouthernTerritories,FrenchSouthernTerritories
Frenchman,France
Frenchwoman,France
Friesian,Friesland
Frisian,Friesland
Fueguino,TierraDelFuego
Fukuokan,Fukuoka
Futunan,WallisAndFutuna
Fynbo,Funen
Gabonese,Gabon
Gaderita,Cádiz
Gaditano,Cádiz
Galatian,Galatia
Galician,Galicia
Galilean,Galilee
Gallaecus,Gallaecia
Galleguense,RíoGallegos
Gallifreyan,Gallifrey
Gallovidian,Galloway
Galway,Galway
Galwegian,Galway
Gambian,TheGambia
Ganadí,Granada
Garnatí,Granada
Gascon,Gascony
Gaúcho,RioGrandeDoSul
Gaulish,Gallia
Geat,Geatland
Genevan,Geneva
Genevese,Geneva
Genoese,Genoa
Genoshan,Genosha
Genovese,Genoa
Geordie,Newcastle
Georgian,Georgia
German,Germany
Germanian,Germania
Germanus,Germania
Germistonian,Germiston
Gerundense,Girona
Gerundí,Girona
Ghanaian,Ghana
Gibraltar,Gibraltar
Gibraltarian,Gibraltar
Gimnesiense,IllesBalears
Gironés,Girona
Gisborne,GisborneRegion
Glaswegian,Glasgow
Goan,Goa
Goanese,Goa
Goenkar,Goa
GoldCoast,GoldCoast
GooberGrabber,Georgia
Gozitan,Gozo
Granadés,Granada
Granadí,Granada
Granadino,Granada
GrandRapidian,GrandRapids
Grasshopper,Kansas
Grazer,Graz
Greek,Greece
Greenlandic,Greenland
Greenvillian,Greenville
Grenadian,Grenada
Guadalajareño,Guadalajara
Guadalajarense,Guadalajara
Guadalupense,Guadalupe
Guadeloupe,Guadeloupe
Guadeloupean,Guadeloupe
Guamanian,Guam
Guambat,Guam
Guanajuateño,Guanajuato
Guanajuatense,Guanajuato
Guatemalan,Guatemala
Guernsey,Guernsey
Guerreran,Guerrero
Guerrerense,Guerrero
Guianan,Guiana
Guimarasian,Guimaras
GuineaBissauan,GuineaBissau
Guinean,Guinea
Guipuzcoano,Guipúzcoa
Gujarati,Gujarat
Gurkhas,Nepal
Guyanese,Guyana
Hagenaar,TheHague
Hagenees,TheHague
Haitian,Haiti
Haldenser,Halden
Halifaxian,Halifax
Haligonian,Halifax
Halling,Hallingdal
Hamburger,Hamburg
Hamiltonian,Hamilton
Hanoian,Hanoi
Hanoverian,Hanover
Harcourtian,PortHarcourt
Harrovian,Harrow
Hartlepudlian,Hartlepool
Haryanvi,Haryana
Hastingite,Hastings
Haugesunder,Haugesund
HawaiiResident,Hawaii
Hawaiian,Hawaii
HawkeSBay,HawkeSBayRegion
Hawkeye,Iowa
Hayastani,Hayastan
Hazaragi,Hazara
HeardIsland,HeardIslandAndMcdonaldIslands
Hebridean,Hebrides
Hedmarking,Hedmark
Hellene,Greece
Hellenic,Greece
Helsingoraner,Elsinore
Helsinkian,Helsinki
Hermosillense,Hermosillo
Herzegovinian,BosniaAndHerzegovina
Hessian,Hesse
Hidalguense,Hidalgo
Hidrocálido,Aguascalientes
Himachali,HimachalPradesh
Himmerlænding,Himmerland
Hiroshiman,Hiroshima
Hispalense,Seville
Hispanic,Hispania
Hobartian,Hobart
Hokkaidoan,Hokkaido
Hokkaidoite,Hokkaido
Hollander,Netherlands
Holsteinian,Holstein
Honduran,Honduras
HongKong,HongKong
HongKongChinese,HongKong
HongKonger,HongKong
Hongkonger,HongKong
Hongkongese,HongKong
Hongkongish,HongKong
Honolulan,Honolulu
Honshuan,Honshu
Hoosier,Indiana
Hordalending,Hordaland
Houstonian,Houston
Huanca,Huancayo
Huancaíno,Huancayo
Huancavelicano,Huancavelica
Huanuqueño,Huanuco
Huaracino,Huaraz
Huelveño,Huelva
Hunanese,Hunan
Hungarian,Hungary
Hyderabadi,Hyderabad
Iberian,Iberia
Icelandic,Iceland
Idahoan,Idaho
Ifugao,Ifugao
Iguaçuense,FozDoIguaçu
IKiribati,Kiribati
Iliberitano,Granada
Illinian,Illinois
Illinoian,Illinois
Illinoisan,Illinois
Illinoisian,Illinois
Illyrian,Illyria
Ilocan,IlocosSur
Ilocano,IlocosSur
Iloilo,Iloilo
Iloiloan,Iloilo
Ilonggo,Iloilo
Indian,India
Indianian,Indiana
Indochinese,Indochina
Indonesian,Indonesia
Ingush,Ingushetia
Innuit,Alaska
Invercargill,Invercargill
Invernessian,Inverness
Ionian,Ionia
IowaCitian,IowaCity
Iowan,Iowa
Iowegian,Iowa
Iqueño,Ica
Irani,Iran
Iranian,Iran
Iraqi,Iraq
Irish,Ireland
Irishman,Ireland
Irishwoman,Ireland
Irmite,Irmo
Isabelan,Isabela
Islamabadi,Islamabad
Islander,Hawaii
Israeli,Israel
Israelite,Israel
Istanbulite,Istanbul
Itabirano,Itabira
Italian,Italy
Ivatan,Batanes
Ivatanic,Batanes
Ivorian,IvoryCoast
IvoryCoast,IvoryCoast
IwoJiman,IwoJima
Izmirian,Izmir
Jack,Swansea
Jacksonvillian,Jacksonville
Jaenés,Jaén
Jakartan,Jakarta
Jaliscan,Jalisco
Jalisciense,Jalisco
Jamaican,Jamaica
Jammu,JammuAndKashmir
JanMayen,JanMayen
Janner,Cornwall
Japanese,Japan
Jarocho,Veracruz
Jaujano,Jauja
Javan,Java
Javanese,Java
Jaxon,Jacksonville
Jerseyan,Jersey
Jerseyite,NewJersey
Jerusalemite,Jerusalem
Jharkhandi,Jharkhand
Jienense,Jaén
Jock,Scotland
Johannesburg,Johannesburg
Johorean,Johor
Jordanian,Jordan
Judaean,Judea
Judean,Judea
JuizForano,JuizDeFora
Jujeño,Jujuy
Jute,Jutland
Jyde,Jutland
Kagoshiman,Kagoshima
Kalamazooan,Kalamazoo
Kalingan,Kalinga
Kalundborgenser,Kalundborg
Kaluzhanin,Kaluga
Kalymnian,Kalymnos
Kamaaina,Hawaii
Kamaʻāina,Hawaii
Kannadiga,Karnataka
Kansan,Kansas
KansasCitian,KansasCity
Karachiite,Karachi
Karelian,Karelia
Karnatakan,Karnataka
Kashmiran,Kashmir
Kashmiri,JammuAndKashmir
Kastorian,Kastoria
Katangese,Katanga
Kaulonian,Kaulonia
Kazakhstani,Kazakhstan
Kedahan,Kedah
Kelantanese,Kelantan
Kenoshan,Kenosha
Kentuckian,Kentucky
Kenyan,Kenya
Keralite,Kerala
Kernewek,Cornwall
Khmer,Cambodia
Kievan,Kiev
Kingstonian,Kingston
Kirghiz,KyrgyzRepublic
Kitchenerite,Kitchener
Kittian,SaintKittsAndNevis
KittianAndNevisian,SaintKittsAndNevis
Kittitian,SaintKittsAndNevis
Kiwi,NewZealand
Klingon,QoNos
Knickerbocker,NewYork
Knossian,Knossos
Knoxvillian,Knoxville
Københavner,Copenhagen
Koldingenser,Kolding
Kosovan,KosovoAndMethohija
Krakovian,Kraków
KualaLumpurian,KualaLumpur
Kuchingite,Kuching
Kurdish,Kurdistan
Kurilian,KurilIslands
Kuwaiti,Kuwait
Kyotoite,Kyoto
Kyrgyz,Kyrgyzstan
Kyushuan,Kyushu
LaUeño,LaUnion
LaUnionian,LaUnion
Labradorian,NewfoundlandAndLabrador
Labuanese,Labuan
Laccadivian,Lakshadweep
Lagosian,Lagos
Laguneño,Laguna
Lagunense,Laguna
Lagunian,Laguna
Lahori,Lahore
Lakedaemonian,Lakedaimon
Lakedaimonian,Lakedaimon
Lambayequino,Lambayeque
Lancastrian,Lancaster
Lao,Laos
Laotian,Laos
Lapp,Lapland
Laputan,Laputa
Larissan,Larissa
LasVegan,LasVegas
Latin,Latium
Latverian,Latveria
Latvian,Latvia
Laurentian,StLawrenceRiver
Lavalois,Laval
Lavaloise,Laval
Lebanese,Lebanon
Leghornese,Livorno
Legionense,León
Leipziger,Leipzig
Leodensian,Leeds
Leonés,León
Leonese,León
Leontinian,Leontini
Leopolitan,Lviv
Lerense,Pontevedra
Lesbian,Lesbos
Lethbridgian,Lethbridge
Levantine,TheLevant
Leytenian,Leyte
Liberian,Liberia
Liberteño,LaLibertad
Libyan,Libya
Liechtenstein,Liechtenstein
Liechtensteiner,Liechtenstein
Ligurian,Liguria
Lilliputian,Lilliput
Limenian,Lima
Limeño,Lima
Linarense,Linares
Linzer,Linz
Lisboeta,Lisbon
Lithuanian,Lithuania
Liverpudlian,Liverpool
Livonian,Livonia
Livornese,Livorno
Locrian,Locris
Loiner,Leeds
Lollik,Lolland
Lombard,Lombardy
Lombardic,Lombardy
London,London
Londoner,London
Londrinense,Londrina
LongIsland,LongIsland
LongIslander,LongIsland
Loretano,Loreto
Lorrainer,Lorraine
Lorrainian,Lorraine
LosAngelean,LosAngeles
LosAngeleno,LosAngeles
LosAngelino,LosAngeles
Louisianian,Louisiana
Louisvillian,Louisville
Louperivois,RivièreDuLoup
Lousianan,Lousiana
Lousianian,Lousiana
LowerCalifornian,BajaCalifornia
Lucanian,Lucania
Lucchese,Lucca
Lucense,Lugo
Ludovicense,SãoLuís
Luqués,Lugo
Lusatian,Lusatia
Luxembourg,Luxembourg
Luxembourger,Luxembourg
Luxembourgish,Luxembourg
Lydian,Lydia
Lyonese,Lyon
Lyonnais,Lyon
Macanese,Macau
Macapense,Macapá
Maccam,Sunderland
Macedonian,Macedonia
Maceioense,Maceió
Madeiran,Madeira
MadhyaPradeshi,MadhyaPradesh
Madredediosense,MadreDeDios
Madrideño,Madrid
Madrileño,Madrid
Maeonian,Maeonia
Mageritense,Madrid
Maguindanaoan,Maguindanao
Magyar,Hungary
Maharashtrian,Maharashtra
Mahorais,Mayotte
Mahoran,Mayotte
Maineiac,Maine
Mainer,Maine
Mainiac,Maine
Mainland,SouthIsland
Majorcan,Majorca
Malaccan,Malacca
Malacitano,Málaga
Malagasy,Madagascar
Malagenean,Málaga
Malagueño,Málaga
Malawian,Malawi
Malay,Malaya
Malayan,Malaya
Malaysian,Malaysia
Maldivian,Maldives
Maldonadino,PuertoMaldonado
Malian,Mali
Malihini,Hawaii
Malinese,Mali
Maltese,Malta
ManOfKent,Kent
Manauara,Manaus
Manauense,Manaus
Manchego,CiudadReal
Manchurian,Manchuria
Mancunian,Manchester
Manhattan,Manhattan
Manhattanite,Manhattan
Manilan,MetroManila
Manileño,Manila
Manipuri,Manipur
Manitobain,Manitoba
Manitoban,Manitoba
Mantinean,Mantineia
Mantuan,Mantua
Manxwoman,IsleOfMan
Maqueta,CastillaLaMancha
Maranao,LanaoDelSur
Maranhense,Maranhão
Marathonian,Marathon
Marinduquenian,Marinduque
Marinduqueño,Marinduque
Maritime,Maritimes
Maritimer,MaritimeRegion
Marseillais,Marseille
Marshallese,MarshallIslands
Martinican,Martinique
Martiniquais,Martinique
Marylander,Maryland
Masbatenian,Masbate
Masbateño,Masbate
Mashugana,Michigan
Massachusettsan,Massachusetts
Massachusite,Massachusetts
Masshole,Massachusetts
Masurian,Masuria
Matritense,Madrid
Mauritanian,Mauritania
Mauritian,Mauritius
Mayrití,Madrid
Mazatleco,Mazatlán
McdonaldIslands,HeardIslandAndMcdonaldIslands
Mckinnian,Mckinney
Median,Media
Mediterranean,Mediterranean
Megaran,Megara
Megarian,Megara
Meghalayan,Meghalaya
Melanesian,Melanesia
Melbournian,Melbourne
Melbournite,Melbourne
Melburnian,Melbourne
Melian,Melos
Melillense,Melilla
Melitian,Melite
Memphian,Memphis
Mendocino,Mendoza
Mentonasque,Menton
Merian,Meru
Meridano,Mérida
Mesopotamian,Mesopotamia
Messenian,Messenia
Messinese,Messina
Methymnian,Mithymna
Mexicalense,Mexicali
Mexican,Mexico
Mexican,Mexico
Mexicano,Mexico
Mexiquense,México
Miamian,Miami
Michigander,Michigan
Michiganer,Michigan
Michiganese,Michigan
Michiganian,Michigan
Michiganite,Michigan
Michigine,Michigan
Michoacano,Michoacán
Micronesian,Micronesia
MiddleEastern,MiddleEast
MiddleEasterner,MiddleEast
Milanese,Milan
Milesian,Miletus
Milwaukeean,Milwaukee
Mindoreño,OrientalMindoro
Mineiro,MinasGerais
Minneapolitan,Minneapolis
Minnesotan,Minnesota
Minorcan,Minorca
Minotian,Minot
Miquelonnais,SaintPierreAndMiquelon
Miraflorino,Miraflores
Misionero,Misiones
Misratan,Misrata
Mississippian,Mississippi
Missourian,Missouri
Mizo,Mizoram
Modenese,Modena
Moldavian,Moldavia
Moldenser,Molde
Moldovan,Moldova
Moluccan,Moluccas
Monacan,Monaco
Monégasque,Monaco
Mongol,Mongolia
Mongolian,Mongolia
Montanan,Montana
Montenegrin,Montenegro
Montreal,Montreal
Montréalais,Montreal
Montrealer,Montreal
Montréaler,Montreal
Montserratian,Montserrat
MooseJavian,MooseJaw
Moosejavian,MooseJaw
Moqueguano,Moquegua
Moravian,Moravia
Morelense,Morelos
Moreliano,Morelia
Møring,MøreOgRomsdal
Moroccan,Morocco
Moroleonés,Moroleón
Morsing,Mors
Mosotho,Lesotho
Motswana,Botswana
Mountaineers,MountainProvince
Mozambican,Mozambique
Mumbaikar,Mumbai
Mumbaikars,Mumbai
Münchner,Munich
Munsonian,Muncie
Murcí,Murcia
Murcian,Murcia
Murciano,Murcia
Muscovia,Moscow
Muscovite,Moscow
Muskrat,Delaware
Myanmar,Burma
Myanmarese,Myanmar
Mycenaean,Mycenae
Mytilenean,Mytilene
Naga,Nagaland
Nagalandese,Nagaland
Nagasakian,Nagasaki
Nagoyan,Nagoya
Namibian,Namibia
Napieran,Napier
Napoletano,Naples
Narnian,Narnia
Nashvillian,Nashville
Nassuvian,Nassau
Natalense,Natal
Naupactian,Naupactus
Nauruan,Nauru
Navarrese,Navarre
Navarro,Navarra
Naxian,Naxos
Nayarita,Nayarit
Nazarene,Nazareth
Neapolitan,Naples
Nebraskan,Nebraska
NegeriSembilanese,NegeriSembilan
Negrense,NegrosOriental
Nelson,Nelson
Nelsonian,NelsonRegion
Neolonés,NuevoLeón
Nepali,Nepal
Netherlander,TheNetherlands
Netherlandic,Netherlands
Neuquino,Neuquen
Nevadian,Nevada
Nevisian,SaintKittsAndNevis
NewBrunswick,NewBrunswick
NewBrunswickan,NewBrunswick
NewBrunswickian,NewBrunswick
NewCaledonian,NewCaledonia
NewEngland,NewEngland
NewEnglander,NewEngland
NewGuinian,NewGuinea
NewHampshireman,NewHampshire
NewHampshirewoman,NewHampshire
NewHampshirite,NewHampshire
NewJerseyite,NewJersey
NewMexican,NewMexico
NewOrleanian,NewOrleans
NewSouthWalesian,NewSouthWales
NewSouthWelsh,NewSouthWales
NewYork,NewYorkCity
NewYorker,NewYork
NewZealand,NewZealand
NewZealander,NewZealand
Newf,NewfoundlandAndLabrador
Newfie,NewfoundlandAndLabrador
NewfoundlandAndLabrador,NewfoundlandAndLabrador
Newfoundlander,NewfoundlandAndLabrador
Newfy,NewfoundlandAndLabrador
Newportonian,Newport
Nicaraguan,Nicaragua
Nicobar,AndamanAndNicobarIslands
Nicobarese,AndamanAndNicobarIslands
Niçois,Nice
Nicolaíta,SanNicolásDeLosGarza
Nicosian,Nicosia
Nicoya,Nicaragua
Nigerian,Nigeria
Nigerien,Niger
Nihonjin,Nihon
Nilotic,NileRiver
Nipponjin,Nihon
Nisyrian,Nisyros
Niteroiense,Niterói
Niuean,Niue
NiVanuatu,Vanuatu
Norbiense,Cáceres
Nordlending,Nordland
Nordmann,Norway
Nordtrønder,NordTrøndelag
NorfolkIsland,NorfolkIsland
NorfolkIslander,NorfolkIsland
Norman,Normandy
NorteRioGrandense,RioGrandeDoNorte
NorthAgusanian,AgusanDelNorte
NorthAmerican,NorthAmerica
NorthCamarinean,CamarinesNorte
NorthCarolinian,NorthCarolina
NorthDakotan,NorthDakota
NorthDavao,DavaoDelNorte
NorthIlocos,IlocosNorte
NorthIsland,NorthIsland
NorthKorean,NorthKorea
NorthLanao,LanaoDelNorte
NorthSamarian,NorthernSamar
NorthSurigaoan,SurigaoDelNorte
NorthZamboangan,ZamboangaDelNorte
Northamptonian,Northampton
NorthernIrish,NorthernIreland
NorthernIrishman,NorthernIreland
NorthernIrishwoman,NorthernIreland
NorthernMarianan,NorthernMarianaIslands
NorthernTerritory,NorthernTerritory
Northland,NorthlandRegion
Northumbrian,Northumberland
NorthwestTerritorian,NorthwestTerritories
Northwesterner,NorthwestTerritories
Norwegian,Norway
Nottinghamian,Nottingham
NovaScotian,NovaScotia
NovoEcijano,NuevaEcija
NovoVizcayano,NuevaVizcaya
Novocastrian,Newcastle
Nubian,Nubia
NuevaEcijan,NuevaEcija
NuevaVizcayan,NuevaVizcaya
Nuevoleonés,NuevoLeón
Numedøl,Numedal
Nunavitian,NunavutTerritory
Nunavummiuq,Nunavut
Nunavut,Nunavut
Nutmegger,Connecticut
Nz,NewZealand
Oakbankian,Oakbank
Oaklander,Oakland
Oamaru,Oamaru
Oamaruvian,Oamaru
Oaxacan,Oaxaca
Oaxaqueño,Oaxaca
Obanite,Oban
Oceanian,Oceania
Odenseaner,Odense
Odessit,Odessa
Odessite,Odessa
Odia,Odisha
Odishan,Odisha
Odissi,Odisha
Oean,Oea
Ohioan,Ohio
Oiniadan,Oiniades
Okie,Oklahoma
Okinawan,Okinawa
Oklahoman,Oklahoma
Olvisino,Huelva
Olympian,Olympia
Omakian,Omak
Omani,Oman
Ontarian,Ontario
Ontario,Ontario
Onubense,Huelva
Opplending,Oppland
Orcadian,OrkneyIslands
Orcelitano,Orihuela
Oregonian,Oregon
Oriolano,Orihuela
Oriya,Odisha
Osakan,Osaka
Oscense,Huesca
Oslofolk,Oslo
Oslovian,Oslo
Østfolding,Østfold
Otago,OtagoRegion
Ottawan,Ottawa
Oxonian,Oxford
Ozian,Oz
Ozzie,Australia
Paceño,LaPaz
Pacense,Badajoz
Pachuqueño,Pachuca
Padane,PoRiver
PaddockLaker,PaddockLake
Paduan,Padua
Paeonian,Paeonia
Pahangite,Pahang
Paisa,Antioquia
Pakistani,Pakistan
Palatine,Palatinate
Palauan,Palau
Palawan,Palawan
Palaweño,Palawan
Palentino,Palencia
Palermitan,Palermo
Palestinian,Palestine
Palmense,Palmas
Palmerstonian,PalmerstonNorth
Paludian,Slough
Pampangan,Pampanga
Pampangueño,Pampanga
Pampeaño,LaPampa
Pamphylian,Pamphylia
Panamanian,Panama
Pangasinan,Pangasinan
Pangasinense,Pangasinan
Papal,PapalStates
PapuaNewGuinean,PapuaNewGuinea
Papuan,PapuaNewGuinea
Paraense,Pará
Paraguayan,Paraguay
Paraibano,Paraíba
Paranaense,Paraná
Paranense,Paraná
Parian,Paros
Parisian,Paris
Parisienne,Paris
Parmesan,Parma
Parmigiano,Parma
Pasqueño,Pasco
Patagonian,Patagonia
Patmian,Patmos
Patriciense,Córdoba
Paulista,SãoPaulo
Paulistano,SãoPaulo
Pegswardian,Pegswood
Pekinese,Beijing
Peloponnesian,Peloponnese
Penangite,Penang
Peninsular,PeninsularMalaysia
Pennamite,Pennsylvania
Pennine,Pennines
Pennsylvanian,Pennsylvania
Perakian,Perak
Pergamian,Pergamum
Perlisian,Perlis
Pernambucano,Pernambuco
Persian,Persia
Perth,Perth
Perthian,Perth
Perthite,Perth
Perthling,Perth
Perugian,Perugia
Peruvian,Peru
Pessoense,JoãoPessoa
Peterborian,Peterborough
Peterbourian,Peterborough
Phanariote,Phanar
Philadelphian,Philladelphia
Philippian,Philippi
Philippine,Philippines
Philistine,Philistia
Phliasian,Phlius
Phocian,Phocis
Phoenician,Phoenix
Phoenixer,Phoenix
Phrygian,Phrygia
Piauiense,Piauí
Picard,Picardy
Piedmontese,Piedmont
Pinay,Philippines
Pinciano,Valladolid
PineTree,Maine
Pinoy,Philippines
Pisan,Pisa
Pisidian,Pisidia
Pisqueño,Pisco
PitcairnIsland,PitcairnIslands
PitcairnIslander,PitcairnIslands
Pittsburgher,Pittsburgh
Pittsburghese,Pittsburgh
Piurano,Piura
Platense,LaPlata
Plymothian,Plymouth
Plymouthian,Plymouth
Poblano,Puebla
Polaco,Catalonia
Pole,Poland
Polish,Poland
Polmontarian,Polmont
Polynesian,Polynesia
Pomeranian,Pomerania
Pompeian,Pompeii
Pompeiian,Pompeii
Pondicherrian,Puducherry
Ponferradian,Ponferrada
Pontevedrés,Pontevedra
Pontian,Pontus
Porteño,BuenosAires
Portlander,Portland
PortoAlegrense,PortoAlegre
PortoVelhense,PortoVelho
Portuense,Porto
Portuguese,Portugal
Posadeño,Posadas
Potiguar,RioGrandeDoNorte
Potosino,SanLuisPotosí
Praguer,Prague
PrinceEdwardIsland,PrinceEdwardIsland
PrinceEdwardIslander,PrinceEdwardIsland
Provençal,Provence
Providentian,Providence
Prussian,Prussia
Pucelano,Valladolid
Pueblan,Puebla
PuertoRican,PuertoRico
Punekar,Pune
Punekars,Pune
Puneño,Puno
Punjabi,Punjab
Puntlander,Puntland
Putrajayan,Putrajaya
Pylian,Pylos
Pylosian,Pylos
Qatari,Qatar
Quebec,Quebec
Quebecan,Quebec
Quebecer,Quebec
Quebecers,Quebec
Quebecian,Quebec
Quebecker,Quebec
Quebeckers,Quebec
Quebecois,Quebec
Québécois,Quebec
Queens,Queens
Queensite,Queens
Queensland,Queensland
Queenslander,Queensland
Queretan,Querétaro
Queretano,Querétaro
Quezonian,Quezon
Quintanaroan,QuintanaRoo
Quintanarroense,QuintanaRoo
Quirinian,Quirino
Rajasthani,Rajasthan
Randallite,Randall
Randrusianer,Randers
Rawsense,Rawson
Readingite,Reading
Recifense,Recife
Regina,Regina
Reginaian,Regina
Reginan,Regina
Regiomontano,Monterrey
Reinero,NuevoLeón
Reman,Remus
Rémois,Reims
Renoite,Reno
Resistenciano,Resistencia
Rethymnian,Rethymno
Reunionese,Reunion
Réunionese,Réunion
Réunionnais,Réunion
Rhegian,Rhegion
Rhegine,Rhegion
Rhenish,Rhineland
Rhinelander,Rhineland
Rhithymnian,Rhithymna
RhodeIslander,RhodeIsland
Rhodean,RhodeIsland
Rhodesian,Rhodesia
Rhodian,Rhodes
Richmonder,Richmond
Rigan,Riga
RioBranquense,RioBranco
RioGrandenseDoNorte,RioGrandeDoNorte
RioGrandenseDoSul,RioGrandeDoSul
Riojano,LaRioja
Rionegrino,RíoNegro
Riverian,RiversState
Rizaleño,Rizal
Rizalian,Rizal
Rochesterian,Rochester
Rogalending,Rogaland
Rohirric,Rohan
Roman,Rome
Romanian,Romania
Romblonian,Romblon
Romsdøl,MøreOgRomsdal
Romulan,Romulus
Rondonense,Rondônia
Roraimense,Roraima
Roskildenser,Roskilde
Rotoruan,Rotorua
Rotterdammer,Rotterdam
Ruskinite,Ruskin
Russian,Russia
Russianc,SovietUnion
Rwandan,Rwanda
Rwandese,Rwanda
Ryukyuan,RyukyuIslands
Saami,Lapland
Saba,Saba
Sabahan,Sabah
Sabine,Sabinium
Sacramentan,Sacramento
Særping,Sarpsborg
Saharan,Sahara
Sahraoui,WesternSahara
Sahrawi,WesternSahara
Sahrawian,WesternSahara
Saigoner,Saigon
Saigonese,HoChiMinhCity
SaintHelenian,SaintHelena
SaintLucian,SaintLucia
SaintPetersburgian,SaintPetersburg
SaintVincentian,SaintVincentAndGrenadines
SaintMartinoise,SaintMartin
SaintPierrais,SaintPierreAndMiquelon
Salamanqués,Salamanca
Salamanquino,Salamanca
Salaminian,Salamis
Saldubense,Zaragoza
Salemander,Salem
Salernitan,Salerno
Salmanticense,Salamanca
Salmantino,Salamanca
Salopian,Shropshire
SaltLake,SaltLakeCity
Salteño,Salta
Saltillense,Saltillo
Salvadoran,ElSalvador
Salvadoreño,ElSalvador
Salvadorense,Salvador
Samareño,Samar
Samaritan,Samaria
Samian,Samos
Sammarinese,SanMarino
Samnite,Samnium
Samoan,Samoa
Samogitian,Samogitia
Sampetrino,SanPedroGarzaGarcía
Samsing,Samsø
SanAntonian,SanAntonio
SanDiegan,SanDiego
SanFranciscan,SanFrancisco
SanJosean,SanJose
SanMarinese,SanMarino
SandCutter,Arizona
Sandgroper,WesternAustralia
SandHiller,Georgia
Sandlapper,SouthCarolina
Sanjuanino,SanJuan
Sanluiseño,SanLuis
Sanmartinense,SanMartín
SantaClaritan,SantaClarita
SantaCruzan,SantaCruz
Santacruceño,SantaCruz
Santafecino,SantaFe
Santarroseño,SantaRosa
Santiagueño,SantiagoDelEstero
SaoTomean,SaoTomeAndPrincipe
SãoToméan,SãoToméAndPríncipe
Sãocarlense,SãoCarlos
SãoLuisense,SãoLuís
Sarajevan,Sarajevo
Sarangan,Sarangani
Sarawakian,Sarawak
Sardi,Sardinia
Sardian,Sardis
Sardianus,Sardis
Sardinian,Sardinia
Sarkese,Sark
Sarmata,Sarmatia
Sarmatian,Sarmatia
Sarnian,Guernsey
Sarping,Sarpsborg
Saskatchewan,Saskatchewan
Saskatchewanan,Saskatchewan
Saskatchewanian,Saskatchewan
Saskatonian,Saskatoon
Saskatoon,Saskatoon
Saudi,SaudiArabia
SaudiArabian,SaudiArabia
Sauromata,Sarmatia
Savannaian,Savannah
Savoyard,Savoy
Saxon,Saxony
Scandinavian,Scandinavia
Scillonian,IslesOfScilly
Sconnie,Wisconsin
Scot,Scotland
Scots,Scotland
Scottish,Scotland
Scouse,Liverpool
Scouser,Liverpool
Scytha,Scythia
Scythian,Scythia
Seattleite,Seattle
Segobricense,Segorbe
Segobrigense,Segorbe
Segorbino,Segorbe
Segovian,Segovia
Segoviano,Segovia
Selangorean,Selangor
Semitic,Semite
Senegalese,Senegal
Seoulite,Seoul
Septense,Ceuta
Serb,Serbia
Serbian,Serbia
Sergipano,Sergipe
Serrean,Serrae
Sevillano,Sevilla
Sevillian,Seville
Seychellois,Seychelles
Shanghainese,Shanghai
Shikokuan,Shikoku
Shkodran,Shkoder
Siamese,Siam
Siberian,Siberia
Sibugay,ZamboangaSibugay
Sicilian,Sicily
Sicyonese,Sicyon
Siddis,Stavanger
Sidonian,Sidon
Sienese,Siena
Siennese,Siena
SierraLeonean,SierraLeone
Sikkimese,Sikkim
Silesian,Silesia
Silhillian,Solihull
SilverLaker,SilverLake
Sinaloan,Sinaloa
Sinaloense,Sinaloa
Sindhi,Sindh
Singapore,Singapore
Singaporean,Singapore
SintEustatius,SintEustatius
SintMaarten,SintMaarten
SiouxCityan,SiouxCity
Siquijorian,Siquijor
Sjællænder,Zealand
Skagbo,Skagen
Skaroene,Skaro
Skarosian,Skaro
Skopelitan,Skopelos
Skopjan,Skopje
Sligonian,Sligo
Slovak,Slovakia
Slovakian,Slovakia
Slovene,Slovenia
Slovenian,Slovenia
Sluff,Slough
Sofian,Sofia
Sogning,SognOgFjordane
SolomonIsland,SolomonIslands
SolomonIslander,SolomonIslands
Somali,Somalia
Somalian,Somalia
Somalilander,Somaliland
Somersite,Somers
Sonoran,Sonora
Sonorense,Sonora
Sontaran,Sontar
Sooner,Oklahoma
Soriano,Soria
Sorrentine,Sorrento
Sorsogonian,Sorsogon
Sorsogueño,Sorsogon
Sørtrønder,SørTrøndelag
Soteropolitano,Salvador
SouthAfrican,SouthAfrica
SouthAgusanian,AgusanDelSur
SouthAmerican,SouthAmerica
SouthAustralian,SouthAustralia
SouthCamarinean,CamarinesSur
SouthCarolinian,SouthCarolina
SouthCotabatan,SouthCotabato
SouthCotabateño,SouthCotabato
SouthDakotan,SouthDakota
SouthDavao,DavaoDelSur
SouthGeorgia,SouthGeorgiaAndTheSouthSandwichIslands
SouthIlocos,IlocosSur
SouthIsland,SouthIsland
SouthKorean,SouthKorea
SouthLanao,LanaoDelSur
SouthLowerCalifornian,BajaCaliforniaSur
SouthOssetian,SouthOssetia
SouthSandwichIslands,SouthGeorgiaAndTheSouthSandwichIslands
SouthSudanese,SouthSudan
SouthSurigaoan,SurigaoDelSur
SouthZamboangan,ZamboangaDelSur
SouthernAustralian,SouthAustralia
SouthernLeytenian,SouthernLeyte
Southland,SouthlandRegion
Soviet,SovietUnion
Spaniard,Spain
Spanish,Spain
Spartan,Sparta
Spokanite,Spokane
Spoletian,Spoleto
Springfieldianite,Springfield
SriLankan,SriLanka
StCrucian,StCroix
StLouisan,StLouis
StTomian,StThomas
StatenIsland,StatenIsland
Statian,SintEustatius
Stephanois,StEtienne
StewartIsland,StewartIsland
Stockholmer,Stockholm
Stopfordian,Stockport
Strasbourgeois,Strasbourg
Stril,Bergen
Stuttgarter,Stuttgart
Styrian,Styria
Sudanese,Sudan
Sudetes,Sudetenland
Suebius,Suebia
SulRioGrandense,RioGrandeDoSul
SultanKudaratenian,SultanKudarat
SultanKudarateño,SultanKudarat
Sulu,Sulu
Suluan,Sulu
Suluano,Sulu
Sumatran,Sumatra
Sumerian,Sumer
Sundanese,Java
Sunflower,Kansas
Sunnmøring,Sunnmøre
Surcano,Surco
Surinamer,Suriname
Surinamese,Suriname
Svalbard,Svalbard
SwampYankee,RhodeIsland
Swansean,Swansea
Swazi,Swaziland
Swede,Sweden
Swedish,Sweden
Swindonian,Swindon
Swiss,Switzerland
Sydney,Sydney
Sydneysider,Sydney
SydneySider,Sydney
Symian,Symi
Syracusan,Syracuse
Syracusian,Syracuse
Syrian,Syria
Tab,Cambridge
Tabasqueño,Tabasco
Tacneño,Tacna
Tacomian,Tacoma
Tadzhik,Tajikistan
Taff,Wales
Tahitian,Tahiti
Taiwanese,Taiwan
Tajik,Tajikistan
Tajikistani,Tajikistan
Talabricense,TalaveraDeLaReina
Talaverano,TalaveraDeLaReina
Tallinner,Tallinn
Tamaulipan,Tamaulipas
Tamaulipeco,Tamaulipas
Tamil,TamilNadu
Tamilian,TamilNadu
Tampanian,Tampa
Tanzanian,Tanzania
Tapatío,Guadalajara
TarBoiler,NorthCarolina
TarHeel,NorthCarolina
Taranaki,TaranakiRegion
Tarantine,Taranto
Tarapotino,Tarapoto
Tarentine,Taranto
Tarentumian,Taras
Tarlaquenian,Tarlac
Tarlaqueño,Tarlac
Tarraconense,Tarragona
Tarraconista,Tarragona
Tasman,TasmanRegion
Tasmaniac,Tasmania
Tasmanian,Tasmania
Tassie,Tasmania
Taswegian,Tasmania
Tatar,Tatarstan
TawiTawian,TawiTawi
Tbilisian,Tbilisi
Tegean,Tegea
Tejano,Texas
TelAvivi,TelAviv
Telanganite,Telangana
Telemarking,Telemark
Tenedian,Tenedos
Tenesseean,Tennessee
Tennesseean,Tennessee
Tepiqueño,Tepic
Tepiquense,Tepic
Terengganuan,Terengganu
Teresinense,Teresina
Territorian,NorthernTerritory
Texian,Texas
Texican,Texas
Thai,Thailand
Thasian,Thasos
Theban,Thebes
Thespian,Thespis
Thessalian,Thessaly
Thessalonian,Thessaloniki
Thracian,Thrace
Thriasian,Thria
Thurian,Thurii
Thuriat,Thuria
Thuringian,Thuringia
Thybo,Thy
Tibetan,Tibet
Timorese,TimorLeste
Tinerfeño,SantaCruzDeTenerife
Tiranas,Tirana
Titletowner,GreenBay
Tlaxcalteca,Tlaxcala
Tobagonian,TrinidadAndTobago
Toboesco,ElToboso
Toboseño,ElToboso
Tobosino,ElToboso
Tocantinense,Tocatins
Togolese,Togo
Tokelauan,Tokelau
Tokyoite,Tokyo
Toledano,Toledo
Toledoan,Toledo
Toluqueño,Toluca
Tongan,Tonga
Toowoomban,Toowoomba
Toresano,Toro
Torinese,Turin
Torontonian,Toronto
Tournaisian,Tournai
Towcestrian,Towcester
Townsvillian,Townsville
Transylvanian,Transylvania
Trevorite,Trevor
Trichonian,Trichonos
Tridentine,Trent
Triestine,Trieste
Trifluvian,TroisRivières
Trifluvien,TroisRivières
Trifluvienne,TroisRivières
Trinibagonians,TrinidadAndTobago
Trinidadian,TrinidadAndTobago
Trinis,TrinidadAndTobago
Tripolitan,Tripoli
Tripuran,Tripura
Tripuri,Tripura
Troezenian,Troezen
TroisRivieran,TroisRivières
Troll,Michigan
Tromsøværing,Tromsø
Tromsværing,Troms
Trønder,Trondheim
Trujillano,Trujillo
Tucsonan,Tucson
Tucumano,Tucumán
Tukker,Twente
Tulsan,Tulsa
Tumbecino,Tumbes
Tunisian,Tunisia
Turboleta,Teruel
Turinese,Turin
Turk,Turkey
Turkic,Turkey
Turkish,Turkey
Turkmen,Turkmenistan
Turkmenistani,Turkmenistan
TurksAndCaicosIsland,TurksAndCaicosIslands
Turolense,Teruel
Tuscan,Tuscany
Tuvaluan,Tuvalu
Tuxtleco,TuxtlaGutiérrez
TwinLaker,TwinLakes
Tyke,Yorkshire
Tyrolean,Tyrol
Tyrolese,Tyrol
USVirginIsland,UnitedStatesVirginIslands
Uberlandense,Uberlândia
Ugandan,Uganda
Uk,UnitedKingdom
Ukrainian,Ukraine
Ulsterman,NorthernIreland
Umbrian,Umbria
UnitedStates,UnitedStates
Urcitano,Almería
Uruguayan,Uruguay
US,UnitedStates
US,UnitedStates
Ushuaiense,Ushuaia
Utahn,Utah
Utopian,Utopia
UttarPradeshi,UttarPradesh
Uttarakhandi,Uttarakhand
Uzbek,Uzbekistan
Uzbekistani,Uzbekistan
Valencian,Valencia
Valenciano,Valencia
Valisoletano,Valladolid
Vallisoletano,Valladolid
Vancouverite,Vancouver
Vanuatuan,Vanuatu
Varsovian,Warsaw
Vashonite,VashonIsland
Vatican,VaticanCityState
Venetian,Venice
Venezuelan,Venezuela
Veracruzano,Veracruz
Vermonter,Vermont
Veronese,Verona
Verulamian,StAlbans
VestAgding,VestAgder
Vestfolding,Vestfold
Vicense,Vich
Vicentine,Vicenza
Vichyssois,Vichy
Victorian,Victoria
Viedmense,Viedma
Viennese,Vienna
Vietnamese,Vietnam
Vigitano,Vich
Villahermosino,Villahermosa
Villermosino,Villahermosa
Vilnian,Vilnius
Vincentian,SaintVincentAndGrenadines
VirginIslander,VirginIslands
Virginian,Virginia
Virginians,Virginia
Vitoriense,Vitória
Vizcayense,Vizcaya
VolcanoIslander,VolcanoIslands
Vulcan,Vulcan
Vulcanian,Vulcan
Waikato,WaikatoRegion
Wakandan,Wakanda
Wakean,WakeIsland
Wallachian,Wallachia
WallisAndFutuna,WallisAndFutuna
Wallisian,WallisAndFutuna
Walloon,Wallonia
Washingtonian,Washington
Waterfordian,Waterford
Waterluvian,Waterloo
Weegie,Glasgow
Wellington,Wellington
Welsh,Wales
Welshman,Wales
Welshwoman,Wales
Wenhamite,Wenham
WestCoast,WestCoastRegion
WestIndian,WestIndies
WestMalaysian,PeninsularMalaysia
WestMindorenian,OccidentalMindoro
WestMisamis,MisamisOccidental
WestNegros,NegrosOccidental
WestPapuan,WestPapua
WestSamarian,Samar
WestVirginian,WestVirginia
WesternAustralian,WesternAustralia
WesternDavao,DavaoOccidental
Westphalian,Westphalia
Westralian,WesternAustralia
Wheatlander,Wheatland
Whittierite,Whittier
Wichitan,Wichita
Wiener,Vienna
Wilmotter,Wilmot
Winnipegger,Winnipeg
Wisconsinite,Wisconsin
Wolverine,Michigan
Wrexhamite,Wrexham
Wulfrunian,Wolverhampton
Wyomingite,Wyoming
Xalapeño,Xalapa
Xanthian,Xanthi
Yakut,Yakutia
Yellowknifer,Yellowknife
Yemeni,Yemen
Yemenite,Yemen
Yerevantsi,Yerevan
Yerushalmi,Jerusalem
Yokohaman,Yokohama
Yooper,Michigan
Yorkie,Yorkshire
Yorkshireman,Yorkshire
Yorkshirewoman,Yorkshire
Yucateco,Yucatán
Yugoslav,Yugoslavia
Yukon,Yukon
Yukoner,YukonTerritory
Yukonian,YukonTerritory
Yukonite,YukonTerritory
Yupper,UpperPeninsula
Zacatecan,Zacatecas
Zacatecano,Zacatecas
Zagrebian,Zagreb
Zairean,Zaire
Zakyntian,Zakynthos
Zambalean,Zambales
Zambaleño,Zambales
Zambian,Zambia
Zamboangueño,ZamboangaDelNorte
Zamorano,Zamora
Zamorense,Zamora
Zaragocés,Zaragoza
Zaragozano,Zaragoza
Zealander,Zealand
Zimbabwean,Zimbabwe
Zintani,Zintan
Zulu,Zululand
Zuricher,Zurich
Ecuadoran,Ecuador
